hdi_low,hdi_high,param
-0.0825037284076775,0.0564900145475161,mu_xi
-0.2745416755630724,0.8141818561050626,mu_ep
-1.0683649230094066,22.477635730080724,mu_b
-2.164181021068284,2.9554055735037883,mu_pi
-4.428185265204961,0.17354037730722827,mu_rho
