,parameter,significant_percent
0,mu_Arew,0.0
1,mu_Apun,42.857142857142854
2,mu_R,0.0
3,mu_P,0.0
4,mu_xi,73.46938775510205
5,mu_d,26.53061224489796
