,parameter,significant_percent
0,mu_Arew,6.122448979591836
1,mu_Apun,53.06122448979592
2,mu_R,8.16326530612245
3,mu_P,0.0
4,mu_xi,0.0
