hdi_low,hdi_high,param
-0.4437645934016242,0.2102803715474756,mu_Arew
-0.25034115328388573,0.0886814484355925,mu_Apun
-14.98209267851622,14.997690633480664,mu_R
-19.698682183009552,8.804510810192728,mu_P
-0.10493998732306681,0.21413029812368,mu_xi
-0.049639178697064135,0.6486001945926512,mu_d
