hdi_low,hdi_high,param
-0.414484222578509,0.1023299380508157,mu_Arew
-0.21541532584241418,0.028684403787683502,mu_Apun
-12.366328847323889,14.986915947053804,mu_R
-14.669880287220057,6.950948917020359,mu_P
-0.059880466584595504,0.1953455184117708,mu_xi
0.021661365687661305,0.5050768001176851,mu_d
