hdi_low,hdi_high,param
-0.352566935518687,0.04779804739303517,mu_Arew
-0.2800158055372874,0.0157109144955024,mu_Apun
-13.016466860794473,9.774569151959245,mu_R
-19.304504112115815,10.604429354104926,mu_P
-0.04052844416042742,0.1688531772708538,mu_xi
-0.11709639100716701,0.6022785128828256,mu_d
