subjID,group,total,avg_rt,std_rt,Arew_mean,Arew_std,Apun_mean,Apun_std,R_mean,R_std,P_mean,P_std,xi_mean,xi_std,d_mean,d_std
2,B,116.0,0.48602375000000003,0.238857238870706,0.6684816883137338,0.10116654063884602,0.10635457977161811,0.08434173956727299,18.147194988222576,6.958741581791092,20.168700726743822,5.137285362226876,0.06971774081120856,0.04155042095673621,0.496250040028326,0.10765312201990412
