subjID,group,total,avg_rt,std_rt,Arew_mean,Arew_std,Apun_mean,Apun_std,R_mean,R_std,P_mean,P_std,xi_mean,xi_std,d_mean,d_std
2,B,116.0,0.48602375000000003,0.238857238870706,0.6495199618081935,0.10093332654397438,0.14202341504018529,0.09727391479575664,18.812126103007078,5.61204072214773,20.065666100219044,7.54930980068254,0.06527512295757551,0.03162157805823799,0.48386573549388495,0.10044097831006028
