subjID,group,total,avg_rt,std_rt,Arew_mean,Arew_std,Apun_mean,Apun_std,R_mean,R_std,P_mean,P_std,xi_mean,xi_std,d_mean,d_std
1,A,126.0,0.28463749999999993,0.13447387389532833,0.48274626375484625,0.10054826507362098,0.040796776098671314,0.03405387805349858,17.720888123092863,5.122226560895718,13.817642113766905,4.207114983514388,0.11214796466576746,0.04640307034299299,0.8080115939493228,0.12895741179637435
