subjID,group,total,avg_rt,std_rt,Arew_mean,Arew_std,Apun_mean,Apun_std,R_mean,R_std,P_mean,P_std,xi_mean,xi_std,d_mean,d_std
1,A,126.0,0.28463749999999993,0.13447387389532833,0.5291812547192746,0.08856872279282538,0.036321413841965224,0.029558399966723523,14.300605308907729,4.0229154023883495,11.862136791401976,4.0627623012985605,0.08157285867861562,0.03548774262138142,0.624289571896903,0.11872139393193876
2,B,116.0,0.48602375000000003,0.238857238870706,0.6470516809041037,0.07388503569884199,0.04210719511350378,0.03377286041902999,14.462608296321594,3.906970667736228,13.819980351419131,3.995209114694735,0.06695933726741607,0.03231643171764095,0.5293790320875111,0.09879433752650342
