subjID,group,total,avg_rt,std_rt,Arew_mean,Arew_std,Apun_mean,Apun_std,R_mean,R_std,P_mean,P_std,xi_mean,xi_std,d_mean,d_std
2,B,116.0,0.48602375000000003,0.238857238870706,0.6796618149865771,0.09835929250422662,0.10132371718927205,0.06487896818164593,18.530299553535652,5.327494535384073,19.300897242489917,4.69264534057308,0.06540357537924454,0.03291676650935083,0.4796503683781316,0.07944155176395416
