subjID,group,total,avg_rt,std_rt,Arew_mean,Arew_std,Apun_mean,Apun_std,R_mean,R_std,P_mean,P_std,xi_mean,xi_std,d_mean,d_std
1,A,126.0,0.28463749999999993,0.13447387389532833,0.5174392729026069,0.10561518850407817,0.03805081684178776,0.033124011289278554,17.036661904214213,5.772031513786258,12.556226003362065,4.615166213865206,0.10537497389048991,0.03366628698164176,0.7823870348386697,0.12007863772280002
