subjID,group,total,avg_rt,std_rt,Arew_mean,Arew_std,Apun_mean,Apun_std,R_mean,R_std,P_mean,P_std,xi_mean,xi_std,d_mean,d_std
1,A,126.0,0.28463749999999993,0.13447387389532833,0.5319077846955522,0.12833317276500883,0.03067200077076539,0.02884542353686329,15.4301368189678,7.2564178567299145,12.807607277057283,5.611613174852642,0.07323896956792753,0.0351704330172421,0.6557514444466812,0.14668534067346417
2,B,116.0,0.48602375000000003,0.238857238870706,0.6868965418604175,0.04005817804337419,0.031413349670413135,0.028226411682672783,15.354830042713383,7.147178918054105,13.84469349884331,6.330982872007618,0.0656035709532102,0.031215638906161712,0.4886555306934411,0.11196505458660715
