subjID,group,total,avg_rt,std_rt,Arew_mean,Arew_std,Apun_mean,Apun_std,R_mean,R_std,P_mean,P_std,xi_mean,xi_std,d_mean,d_std
1,A,126.0,0.28463749999999993,0.13447387389532833,0.49911435338986637,0.09333659965955514,0.034509876616342215,0.030268232053054275,17.807252231539998,5.693459700252265,13.757080473473453,4.962895414452218,0.1093864559066096,0.04311349614706882,0.799849655346134,0.13693598833469173
