subjID,group,total,avg_rt,std_rt,Arew_mean,Arew_std,Apun_mean,Apun_std,R_mean,R_std,P_mean,P_std,xi_mean,xi_std,d_mean,d_std
1,A,126.0,0.28463749999999993,0.13447387389532833,0.5485767024553013,0.08886597576840281,0.02694355709277773,0.028095784731049803,14.951065729019112,4.450633670262256,11.880805929585609,3.762697988472315,0.08434628965505739,0.044060301794400084,0.6483821639785681,0.10413386468064839
2,B,116.0,0.48602375000000003,0.238857238870706,0.6680973904013865,0.07756851330928166,0.035063037398869276,0.03354522847150417,15.09439069956504,3.9251911348027875,13.65553273230672,3.432969896244516,0.0659171779628251,0.03105583083442058,0.5433267419522745,0.09724803185800696
