param,param_mean,hdi_low,hdi_high,param_std
mu_Arew,0.6061888757548564,0.4652954294845041,0.6782653958332276,0.060085095440582714
mu_Apun,0.038985006641167365,1.2409656299326158e-05,0.1015572652466575,0.05264237816301856
mu_R,14.993923648804804,8.782828752288657,24.2497654642474,4.034738712107601
mu_P,12.688421012260495,7.848921604241577,20.69815771014411,3.9921697136855534
mu_xi,0.07738723777605036,0.0184168669631856,0.1200859510779668,0.03844905431588071
mu_d,0.5911860659953818,0.4550655440488504,0.7739184153971603,0.09595298141904977
