param,param_mean,hdi_low,hdi_high,param_std
mu_Arew,0.6145924442377821,0.5439068074921665,0.7410101685514748,0.060972678919514266
mu_Apun,0.03264493225898746,0.0035724454374417,0.089909471921933,0.027989626659964514
mu_R,15.121392930420527,7.76292748999353,28.26416158369404,6.900991353911765
mu_P,12.984460059203386,8.53283074530676,25.943401204758985,5.254207409811675
mu_xi,0.06764865178704835,0.0241171282365161,0.1188280761794463,0.033551007530529794
mu_d,0.6048365633143217,0.3582893668398219,0.8548749762992669,0.16005118265215254
