param,param_mean,hdi_low,hdi_high,param_std
mu_Arew,0.5942581373717196,0.421413305865466,0.762858786249179,0.09889742340851633
mu_Apun,0.04609565744217934,0.0015915061444993,0.1181654864922034,0.03957262212692364
mu_R,16.770345695981188,8.712348280315657,29.882209061980745,6.918864673114252
mu_P,14.293589970035168,6.630265842749044,26.28662055584724,5.577322322611055
mu_xi,0.08361117584698816,0.0370460276592869,0.1569424635034822,0.034406999044059604
mu_d,0.62993844909982,0.433849171299519,0.8387875762775898,0.11581528409191953
