hdi_low,hdi_high,param
-0.43301276271470923,0.41794404510330374,mu_sigma_a
-0.1722993737145221,0.1753206514909567,mu_sigma_n
-0.9979540456614336,-0.1593862028945796,mu_eta
-0.3926582940722302,0.3709243060810613,mu_kappa
-1.7446954338478526,1.785912894497841,mu_beta
-0.42775817867015015,0.1736342586096995,mu_bias
