hdi_low,hdi_high,param
-0.38232554373856564,0.1630347732788342,mu_sigma_a
-0.09109877082154119,0.1363714295636056,mu_sigma_n
-0.9624105017559137,-0.08062167913509899,mu_eta
-0.3668558421718252,0.2966928698948965,mu_kappa
-0.26634156867011827,0.9131113011648343,mu_beta
-0.31171222016669364,0.06247254609494579,mu_bias
