subjID,group,total,avg_rt,std_rt,sigma_a_mean,sigma_a_std,sigma_n_mean,sigma_n_std,eta_mean,eta_std,kappa_mean,kappa_std,beta_mean,beta_std,bias_mean,bias_std
1,A,286.0,0.4864526315789473,0.4545707580476577,0.752986692957907,0.16749917158395655,0.10278684817677672,0.034920819341258624,0.004696449546810149,0.0030236839543708364,0.7763964494070806,0.11723585610564355,1.8765362666676253,0.24286383179011795,0.14399194281821576,0.08166807344987279
