subjID,group,total,avg_rt,std_rt,sigma_a_mean,sigma_a_std,sigma_n_mean,sigma_n_std,eta_mean,eta_std,kappa_mean,kappa_std,beta_mean,beta_std,bias_mean,bias_std
1,A,286.0,0.4864526315789473,0.4545707580476577,0.7743278322817277,0.15699085698044393,0.0976767445965679,0.051387509834746034,0.0042863904170766486,0.008536420712584022,0.8213966821489352,0.13256731128206306,1.8098872896608624,0.3736363634807227,0.1402758621774471,0.08630039236117147
