subjID,group,total,avg_rt,std_rt,sigma_a_mean,sigma_a_std,sigma_n_mean,sigma_n_std,eta_mean,eta_std,kappa_mean,kappa_std,beta_mean,beta_std,bias_mean,bias_std
2,B,190.0,0.4387473684210526,0.45478790819506537,0.7913889631300657,0.1559948294892473,0.09114270146034664,0.04524353309256489,0.6205417751740222,0.2795484645425683,0.8582612800251138,0.11892044929199767,1.803104052847131,0.4607455636427047,0.25886373922475403,0.11338481723186199
