subjID,group,total,avg_rt,std_rt,sigma_a_mean,sigma_a_std,sigma_n_mean,sigma_n_std,eta_mean,eta_std,kappa_mean,kappa_std,beta_mean,beta_std,bias_mean,bias_std
2,B,190.0,0.4387473684210526,0.45478790819506537,0.7968758224816845,0.15076764128826434,0.09070440511339325,0.04715214436377011,0.6309686696461387,0.27985396591748224,0.8574416013039933,0.12855045296810283,1.7943995898344494,0.43526304727693177,0.2688771674262852,0.10745241805058094
