param,param_mean,hdi_low,hdi_high,param_std
mu_sigma_a,0.7282272747011603,0.5339848743116826,0.9423585336442566,0.13808364836058876
mu_sigma_n,0.0753498845800088,0.0349358359377182,0.1383484305235682,0.03629352366889638
mu_eta,0.00416219298376559,0.0005236486212297,0.0135179604855546,0.004482129809087603
mu_kappa,0.7713327616188647,0.5560779470914706,0.9660152569942464,0.13477241709065632
mu_beta,1.6935867040253008,1.267460346627466,2.0937605922314613,0.2497222205252238
mu_bias,0.2214007084008395,0.1658979741350102,0.2769996347846835,0.032836828884362734
