param,param_mean,hdi_low,hdi_high,param_std
mu_sigma_a,0.8184347437293208,0.6049068868471781,0.9992246581079742,0.12874182570699455
mu_sigma_n,0.10141987743606194,0.0277818655928859,0.1925273563387962,0.05094979001792248
mu_eta,0.008022180733807838,9.834097684088634e-06,0.0239494622547769,0.018622680374991974
mu_kappa,0.8304837785162366,0.5877516191320012,0.9997517182582666,0.128382623656479
mu_beta,1.6771500180944452,1.1484056485147962,2.3577903892070164,0.40070880815604
mu_bias,0.21720348945350698,0.0696043480658406,0.3443059463398841,0.07351893039909403
